PK_LAB_RESULT_ITEM_ID,obo
4856505,PR:000001351
10414005,PR:000001351
230167,PR:000001351
10690011,PR:000001351
4862069,PR:000003918
163029,PR:000003918
1412077,PR:000003918
11916665,PR:000003918
11841018,PR:000003918
235164,PR:000003918
165384,PR:000003918
234150,PR:000003918
231471,PR:000003918
4856069,PR:000003918
4857067,PR:000003918
11843209,PR:000003918
11922679,PR:000003918
4855068,PR:000003918
11843233,PR:000003918
231359,PR:000003918
11914006,PR:000003918
4857069,PR:000003918
1545001,PR:000003918
159535,PR:000003918
159990,PR:000003918
11842058,PR:000003918
165513,PR:000003918
1410004,PR:000003918
234860,PR:000003918
11921114,PR:000003918
11844243,PR:000003918
226341,PR:000003918
227341,PR:000003918
11918688,PR:000003918
11925181,PR:000003918
883002,PR:000003918
234403,PR:000003918
4270016,PR:000003918
4859069,PR:000003918
233636,PR:000003918
11919114,PR:000003918
11842233,PR:000003918
11845233,PR:000003918
11915089,PR:000003918
8554004,PR:000003918
11842210,PR:000003918
11912094,PR:000003918
8021018,PR:000003918
11918259,PR:000003918
160217,PR:000003918
11915448,PR:000003918
13644018,PR:000003918
11920079,PR:000003918
8735053,PR:000003918
11915703,PR:000003918
11921111,PR:000003918
11843126,PR:000007834
9655023,PR:000007834
4864203,PR:000016583
166772,PR:000016583
228501,PR:000016583
234630,PR:000016583
4860077,PR:000050219
163032,PR:000050219
171256,PR:000050219
233953,PR:000050219
11508003,PR:000050219
11916673,PR:000050219
232472,PR:000050219
237688,PR:000050219
10412007,PR:000050219
11508004,PR:000050219
18051008,PR:000050219
11924679,PR:000050219
1413007,PR:000050219
11426008,PR:000050219
10692010,PR:000050219
15927003,PR:000050219
6882007,PR:000050219
11880005,PR:000050219
11507006,PR:000050219
160219,PR:000050219
4868294,CHEBI:12777
11845373,CHEBI:132952
159825,CHEBI:132952
171133,CHEBI:132952
4864275,CHEBI:132952
4866235,CHEBI:132952
4855324,CHEBI:132952
4858320,CHEBI:132952
1413140,CHEBI:132952
159465,CHEBI:132952
163938,CHEBI:132952
19324003,CHEBI:132952
1190001,CHEBI:132952
11844373,CHEBI:132952
226432,CHEBI:132952
228431,CHEBI:132952
11919031,CHEBI:132952
11925037,CHEBI:132952
19343008,CHEBI:132952
11919106,CHEBI:132952
11923112,CHEBI:132952
8070005,CHEBI:132952
229808,CHEBI:132952
1408139,CHEBI:143125
11919101,CHEBI:143125
4858800,CHEBI:15379
230181,CHEBI:15379
4859456,CHEBI:15379
6932005,CHEBI:15379
11844083,CHEBI:15379
11843084,CHEBI:15379
11493014,CHEBI:15379
8840004,CHEBI:15379
13253003,CHEBI:15379
21083013,CHEBI:15379
3995001,CHEBI:15379
6933005,CHEBI:15379
228846,CHEBI:15379
239520,CHEBI:15379
7810003,CHEBI:15379
1408001,CHEBI:15379
226505,CHEBI:15379
9737005,CHEBI:15379
7805005,CHEBI:15379
8525005,CHEBI:15379
4859802,CHEBI:15379
226632,CHEBI:15379
226510,CHEBI:15379
166894,CHEBI:15379
160524,CHEBI:15379
166892,CHEBI:15379
4857456,CHEBI:15379
11844221,CHEBI:15379
11841223,CHEBI:15379
8815007,CHEBI:15379
4857801,CHEBI:15379
4855457,CHEBI:15379
166994,CHEBI:15379
11843063,CHEBI:15379
11842049,CHEBI:15379
11842134,CHEBI:15379
21079003,CHEBI:15379
11842112,CHEBI:15379
164904,CHEBI:15379
21082006,CHEBI:15379
228848,CHEBI:15379
176073,CHEBI:15379
11541004,CHEBI:15379
11841039,CHEBI:15379
11843047,CHEBI:15379
227620,CHEBI:15379
11737008,CHEBI:15379
228876,CHEBI:15379
160501,CHEBI:15379
6938003,CHEBI:15379
4862456,CHEBI:15379
18033139,CHEBI:15379
9494004,CHEBI:15379
18035147,CHEBI:15379
171816,CHEBI:15379
4858885,CHEBI:15379
227956,CHEBI:15379
170962,CHEBI:15379
171926,CHEBI:15379
11843051,CHEBI:15379
21086010,CHEBI:15379
11842123,CHEBI:15379
226870,CHEBI:15379
11929231,CHEBI:16004
4856265,CHEBI:16113
170492,CHEBI:16113
171225,CHEBI:16113
11918665,CHEBI:16113
11841042,CHEBI:16113
164031,CHEBI:16113
11912030,CHEBI:16113
11928268,CHEBI:16113
167198,CHEBI:16113
1409003,CHEBI:16113
1186001,CHEBI:16113
4517022,CHEBI:16113
7966005,CHEBI:16113
4265027,CHEBI:16113
171098,CHEBI:16113
4860425,CHEBI:16236
4856422,CHEBI:16236
163473,CHEBI:16236
8764052,CHEBI:16236
4868241,CHEBI:16301
170482,CHEBI:16301
638004,CHEBI:16301
226189,CHEBI:16301
11842211,CHEBI:16301
165336,CHEBI:16301
11922784,CHEBI:16301
226618,CHEBI:16301
12937003,CHEBI:16301
11911396,CHEBI:16301
11913271,CHEBI:16301
11841110,CHEBI:16301
8815030,CHEBI:16301
11925989,CHEBI:16301
11925889,CHEBI:16301
4859284,CHEBI:16526
163044,CHEBI:16526
11844044,CHEBI:16526
165381,CHEBI:16526
11917679,CHEBI:16526
11808003,CHEBI:16526
772008,CHEBI:16526
8523005,CHEBI:16526
4862284,CHEBI:16526
1413003,CHEBI:16526
7967003,CHEBI:16526
160216,CHEBI:16526
4860866,CHEBI:16526
232551,CHEBI:16526
4859867,CHEBI:16526
8828006,CHEBI:16526
226152,CHEBI:16526
171922,CHEBI:16526
229840,CHEBI:16526
6760004,CHEBI:16526
8840006,CHEBI:16526
1298001,CHEBI:16526
227152,CHEBI:16526
4855866,CHEBI:16526
227624,CHEBI:16526
4856866,CHEBI:16526
171932,CHEBI:16526
4861866,CHEBI:16526
1507001,CHEBI:16526
9736004,CHEBI:16526
12129003,CHEBI:16526
6935006,CHEBI:16526
11845083,CHEBI:16526
6932006,CHEBI:16526
7464003,CHEBI:16526
11736008,CHEBI:16526
6808003,CHEBI:16526
11495020,CHEBI:16526
4863174,CHEBI:16526
3994001,CHEBI:16526
6938006,CHEBI:16526
227846,CHEBI:16526
237103,CHEBI:16526
226405,CHEBI:16526
7806005,CHEBI:16526
228624,CHEBI:16526
4864174,CHEBI:16526
11843222,CHEBI:16526
8818008,CHEBI:16526
11842130,CHEBI:16526
159787,CHEBI:16526
227848,CHEBI:16526
9492004,CHEBI:16526
11545003,CHEBI:16526
11845046,CHEBI:16526
11740008,CHEBI:16526
15633003,CHEBI:16526
164508,CHEBI:16526
11845122,CHEBI:16526
4857317,CHEBI:16737
170473,CHEBI:16737
231351,CHEBI:16737
11845047,CHEBI:16737
159920,CHEBI:16737
4864248,CHEBI:16737
11917675,CHEBI:16737
230411,CHEBI:16737
170753,CHEBI:16737
159927,CHEBI:16737
11924791,CHEBI:16737
4865248,CHEBI:16737
11841198,CHEBI:16737
226419,CHEBI:16737
163953,CHEBI:16737
165321,CHEBI:16737
4860318,CHEBI:16737
18047007,CHEBI:16737
4855317,CHEBI:16737
11809003,CHEBI:16737
226446,CHEBI:16737
166728,CHEBI:16737
11917786,CHEBI:16737
170556,CHEBI:16737
14632003,CHEBI:16737
170559,CHEBI:16737
237084,CHEBI:16737
11845278,CHEBI:16737
11925988,CHEBI:16737
20397008,CHEBI:16737
235570,CHEBI:16737
4861318,CHEBI:16737
639007,CHEBI:16737
11845011,CHEBI:16737
772009,CHEBI:16737
170843,CHEBI:16737
18080018,CHEBI:16737
227680,CHEBI:16737
228680,CHEBI:16737
20390005,CHEBI:16737
13188003,CHEBI:16737
679009,CHEBI:16737
230440,CHEBI:16737
227645,CHEBI:16737
11842039,CHEBI:16737
159994,CHEBI:16737
11843278,CHEBI:16737
11841278,CHEBI:16737
234645,CHEBI:16737
11841086,CHEBI:16737
11807012,CHEBI:16737
11843150,CHEBI:16737
2313002,CHEBI:16737
11843281,CHEBI:16737
11845277,CHEBI:16737
1300005,CHEBI:16737
11912035,CHEBI:16737
11843277,CHEBI:16737
11844277,CHEBI:16737
681004,CHEBI:16737
11808006,CHEBI:16737
11911049,CHEBI:16737
1189004,CHEBI:16737
11914015,CHEBI:16737
171994,CHEBI:16737
11845370,CHEBI:16737
8184037,CHEBI:16737
11911375,CHEBI:16737
13642020,CHEBI:16737
11810013,CHEBI:16737
11921101,CHEBI:16737
11842282,CHEBI:16737
11843282,CHEBI:16737
3029003,CHEBI:16737
11922710,CHEBI:16737
11919985,CHEBI:16737
11924936,CHEBI:16737
637009,CHEBI:16737
11841325,CHEBI:16737
5024008,CHEBI:16737
5030005,CHEBI:16737
11844279,CHEBI:16737
11845279,CHEBI:16737
11919915,CHEBI:16737
8737195,CHEBI:16737
8737197,CHEBI:16737
11920508,CHEBI:16737
11841421,CHEBI:16737
11917236,CHEBI:16737
11925105,CHEBI:16737
171522,CHEBI:16737
8735198,CHEBI:16737
638008,CHEBI:16737
4528025,CHEBI:16737
11916689,CHEBI:16737
4856323,CHEBI:16737
4858959,CHEBI:16737
4860320,CHEBI:16737
11922697,CHEBI:16737
11925498,CHEBI:16737
171720,CHEBI:16737
11844282,CHEBI:16737
11845198,CHEBI:16737
11845282,CHEBI:16737
4855321,CHEBI:16737
4859324,CHEBI:16737
11922939,CHEBI:16737
11810003,CHEBI:16737
2479001,CHEBI:16737
8738194,CHEBI:16737
11808012,CHEBI:16737
11914088,CHEBI:16737
11914564,CHEBI:16737
11922974,CHEBI:16737
11924285,CHEBI:16737
171142,CHEBI:168396
4861742,CHEBI:168396
11845112,CHEBI:168396
4862149,CHEBI:16990
170471,CHEBI:16990
4861149,CHEBI:16990
4858148,CHEBI:16990
4868238,CHEBI:16990
170479,CHEBI:16990
159164,CHEBI:16990
165387,CHEBI:16990
230233,CHEBI:16990
11842161,CHEBI:16990
11924671,CHEBI:16990
159200,CHEBI:16990
639002,CHEBI:16990
228426,CHEBI:16990
170472,CHEBI:16990
170472,CHEBI:16990
163038,CHEBI:16990
163038,CHEBI:16990
226410,CHEBI:16990
227281,CHEBI:16990
228308,CHEBI:16990
171237,CHEBI:16990
4859148,CHEBI:16990
11918777,CHEBI:16990
159984,CHEBI:16990
171292,CHEBI:16990
227201,CHEBI:16990
230640,CHEBI:16990
235286,CHEBI:16990
228535,CHEBI:16990
11917674,CHEBI:16990
239492,CHEBI:16990
233863,CHEBI:16990
7206004,CHEBI:16990
11842038,CHEBI:16990
4862148,CHEBI:16990
11844115,CHEBI:16990
4856149,CHEBI:16990
4860149,CHEBI:16990
233405,CHEBI:16990
4862764,CHEBI:16990
11509004,CHEBI:16990
4861148,CHEBI:16990
4856148,CHEBI:16990
11918666,CHEBI:16990
1410005,CHEBI:16990
1409005,CHEBI:16990
11914021,CHEBI:16990
233467,CHEBI:16990
11916758,CHEBI:16990
11428007,CHEBI:16990
1413133,CHEBI:16990
11912020,CHEBI:16990
11914453,CHEBI:16990
228224,CHEBI:16990
1408005,CHEBI:16990
9688010,CHEBI:16990
170842,CHEBI:16990
11915425,CHEBI:16990
9657004,CHEBI:16990
6107004,CHEBI:16990
11878005,CHEBI:16990
170901,CHEBI:16990
170901,CHEBI:16990
11921041,CHEBI:16990
11912426,CHEBI:16990
4973001,CHEBI:16990
5053003,CHEBI:16990
1412005,CHEBI:16990
11509006,CHEBI:16990
11843196,CHEBI:16990
11917816,CHEBI:16990
11922694,CHEBI:16990
235559,CHEBI:16990
11925046,CHEBI:16990
160218,CHEBI:16990
160264,CHEBI:16990
1414006,CHEBI:16990
4866240,CHEBI:17087
163059,CHEBI:17087
639001,CHEBI:17087
226455,CHEBI:17087
11845208,CHEBI:17087
165333,CHEBI:17087
11916778,CHEBI:17087
227589,CHEBI:17087
227109,CHEBI:17087
11915269,CHEBI:17087
159193,CHEBI:17087
234402,CHEBI:17087
159466,CHEBI:17087
11843110,CHEBI:17087
163416,CHEBI:17230
4862582,CHEBI:17230
4859910,CHEBI:17234
4858513,CHEBI:17234
163002,CHEBI:17234
166762,CHEBI:17234
230911,CHEBI:17234
234202,CHEBI:17234
4864240,CHEBI:17234
231542,CHEBI:17234
11445004,CHEBI:17234
4865310,CHEBI:17234
159171,CHEBI:17234
11841071,CHEBI:17234
165375,CHEBI:17234
11841134,CHEBI:17234
233167,CHEBI:17234
11918664,CHEBI:17234
167070,CHEBI:17234
638002,CHEBI:17234
239505,CHEBI:17234
230378,CHEBI:17234
8841005,CHEBI:17234
228454,CHEBI:17234
1407002,CHEBI:17234
11843200,CHEBI:17234
160817,CHEBI:17234
159929,CHEBI:17234
11809010,CHEBI:17234
11842055,CHEBI:17234
4859513,CHEBI:17234
228573,CHEBI:17234
4861513,CHEBI:17234
4856513,CHEBI:17234
11842084,CHEBI:17234
163134,CHEBI:17234
170507,CHEBI:17234
171251,CHEBI:17234
4862513,CHEBI:17234
4861514,CHEBI:17234
773009,CHEBI:17234
234247,CHEBI:17234
159644,CHEBI:17234
164475,CHEBI:17234
170952,CHEBI:17234
165345,CHEBI:17234
171096,CHEBI:17234
4862512,CHEBI:17234
4855512,CHEBI:17234
19797005,CHEBI:17234
4860512,CHEBI:17234
1411006,CHEBI:17234
160378,CHEBI:17234
171686,CHEBI:17234
166606,CHEBI:17234
160379,CHEBI:17234
4857513,CHEBI:17234
230483,CHEBI:17234
11806003,CHEBI:17234
11920031,CHEBI:17234
11921028,CHEBI:17234
11923035,CHEBI:17234
11919028,CHEBI:17234
164478,CHEBI:17234
159199,CHEBI:17234
164142,CHEBI:17234
171928,CHEBI:17234
11918678,CHEBI:17234
4861512,CHEBI:17234
14632004,CHEBI:17234
9655026,CHEBI:17234
21078005,CHEBI:17234
159980,CHEBI:17234
11843062,CHEBI:17234
4869263,CHEBI:17234
4868234,CHEBI:17234
11842071,CHEBI:17234
11845041,CHEBI:17234
233876,CHEBI:17234
11844071,CHEBI:17234
11843072,CHEBI:17234
11845072,CHEBI:17234
230653,CHEBI:17234
11917669,CHEBI:17234
4860514,CHEBI:17234
4870227,CHEBI:17234
11806004,CHEBI:17234
165246,CHEBI:17234
171208,CHEBI:17234
11842072,CHEBI:17234
11428008,CHEBI:17234
4316002,CHEBI:17234
11843224,CHEBI:17234
11918758,CHEBI:17234
4530047,CHEBI:17234
4532050,CHEBI:17234
11916759,CHEBI:17234
4863240,CHEBI:17234
11922765,CHEBI:17234
9793004,CHEBI:17234
11917760,CHEBI:17234
166862,CHEBI:17234
16948003,CHEBI:17234
11924760,CHEBI:17234
11918755,CHEBI:17234
11915143,CHEBI:17234
11844068,CHEBI:17234
9778011,CHEBI:17234
160192,CHEBI:17234
163143,CHEBI:17234
4530033,CHEBI:17234
15236003,CHEBI:17234
11842012,CHEBI:17234
4527038,CHEBI:17234
4856514,CHEBI:17234
11917763,CHEBI:17234
226208,CHEBI:17234
9794003,CHEBI:17234
11921589,CHEBI:17234
5080003,CHEBI:17234
9791003,CHEBI:17234
9792003,CHEBI:17234
9793003,CHEBI:17234
4861886,CHEBI:17234
229543,CHEBI:17234
239970,CHEBI:17234
235970,CHEBI:17234
171856,CHEBI:17234
226441,CHEBI:17234
11917686,CHEBI:17234
170953,CHEBI:17234
3024001,CHEBI:17234
227761,CHEBI:17234
9917003,CHEBI:17234
159645,CHEBI:17234
234715,CHEBI:17234
6932008,CHEBI:17234
226207,CHEBI:17234
11914060,CHEBI:17234
11925582,CHEBI:17234
11915441,CHEBI:17234
11240004,CHEBI:17234
11912442,CHEBI:17234
11913440,CHEBI:17234
11914443,CHEBI:17234
237934,CHEBI:17234
1412019,CHEBI:17234
10133003,CHEBI:17234
9916003,CHEBI:17234
167308,CHEBI:17234
10132009,CHEBI:17234
11878006,CHEBI:17234
235971,CHEBI:17234
237970,CHEBI:17234
226234,CHEBI:17234
9791004,CHEBI:17234
11924764,CHEBI:17234
11919026,CHEBI:17234
239093,CHEBI:17234
8763080,CHEBI:17234
10133004,CHEBI:17234
8609006,CHEBI:17234
8610005,CHEBI:17234
8610006,CHEBI:17234
227413,CHEBI:17234
228440,CHEBI:17234
4856512,CHEBI:17234
10131006,CHEBI:17234
227902,CHEBI:17234
228900,CHEBI:17234
10132007,CHEBI:17234
11918894,CHEBI:17234
4859512,CHEBI:17234
8634004,CHEBI:17234
9793005,CHEBI:17234
10134007,CHEBI:17234
9792005,CHEBI:17234
6110006,CHEBI:17234
9792004,CHEBI:17234
10133007,CHEBI:17234
226513,CHEBI:17234
10134006,CHEBI:17234
160369,CHEBI:17234
10350004,CHEBI:17234
10349003,CHEBI:17234
11923036,CHEBI:17234
11916784,CHEBI:17234
13932005,CHEBI:17234
166185,CHEBI:17234
11809012,CHEBI:17234
11913533,CHEBI:17234
239145,CHEBI:17234
11918065,CHEBI:17234
10347004,CHEBI:17234
11841201,CHEBI:17234
11917789,CHEBI:17234
8712004,CHEBI:17234
11808010,CHEBI:17234
13902003,CHEBI:17234
4865178,CHEBI:17347
159373,CHEBI:17347
11919991,CHEBI:17347
4860861,CHEBI:17381
4857860,CHEBI:17381
4861324,CHEBI:17381
4857320,CHEBI:17381
4860912,CHEBI:17381
4857911,CHEBI:17381
4858911,CHEBI:17381
159361,CHEBI:17381
163626,CHEBI:17381
11845385,CHEBI:17381
233235,CHEBI:17381
11916685,CHEBI:17381
2687002,CHEBI:17381
11842385,CHEBI:17381
11844384,CHEBI:17381
11845384,CHEBI:17381
228685,CHEBI:17381
170715,CHEBI:17381
227633,CHEBI:17381
1413068,CHEBI:17381
4870259,CHEBI:17381
11917691,CHEBI:17381
11918686,CHEBI:17381
227150,CHEBI:17381
228150,CHEBI:17381
4862309,CHEBI:17650
159351,CHEBI:17650
165471,CHEBI:17650
11922698,CHEBI:17650
11842046,CHEBI:17650
8737189,CHEBI:17650
4869217,CHEBI:17855
163098,CHEBI:17855
159917,CHEBI:17855
11916667,CHEBI:17855
11842185,CHEBI:17855
159497,CHEBI:17855
11914026,CHEBI:17855
11926271,CHEBI:17855
1410003,CHEBI:17855
160675,CHEBI:17855
1188004,CHEBI:17855
166203,CHEBI:17855
4857006,CHEBI:17933
159414,CHEBI:17933
171801,CHEBI:17933
11911400,CHEBI:17933
176035,CHEBI:17933
4264015,CHEBI:17933
11845429,CHEBI:17933
4856264,CHEBI:17996
170474,CHEBI:17996
226037,CHEBI:17996
8828005,CHEBI:17996
11842043,CHEBI:17996
171253,CHEBI:17996
11918669,CHEBI:17996
237496,CHEBI:17996
8840005,CHEBI:17996
19800007,CHEBI:17996
13255004,CHEBI:17996
21086014,CHEBI:17996
4870246,CHEBI:17996
11844197,CHEBI:17996
11807003,CHEBI:17996
4866144,CHEBI:17996
11842422,CHEBI:17996
229479,CHEBI:17996
735001,CHEBI:17996
13314017,CHEBI:17996
774006,CHEBI:17996
15631003,CHEBI:17996
159213,CHEBI:17996
3238001,CHEBI:17996
4869233,CHEBI:17996
226451,CHEBI:17996
11843302,CHEBI:17996
11845268,CHEBI:17996
11844268,CHEBI:17996
1408006,CHEBI:17996
11922792,CHEBI:17996
10051008,CHEBI:17996
10054009,CHEBI:17996
228679,CHEBI:17996
227679,CHEBI:17996
237289,CHEBI:17996
11913529,CHEBI:17996
1184001,CHEBI:17996
228891,CHEBI:17996
227550,CHEBI:17996
11922790,CHEBI:17996
11920110,CHEBI:17996
11923114,CHEBI:17996
9335005,CHEBI:17996
166191,CHEBI:17996
159183,CHEBI:18367
159183,CHEBI:18367
11844131,CHEBI:18367
11844131,CHEBI:18367
171228,CHEBI:18367
171228,CHEBI:18367
4865295,CHEBI:21241
4868194,CHEBI:22470
4862201,CHEBI:22985
163092,CHEBI:22985
4859201,CHEBI:22985
11841035,CHEBI:22985
159946,CHEBI:22985
230272,CHEBI:22985
11916663,CHEBI:22985
228106,CHEBI:22985
8842005,CHEBI:22985
233865,CHEBI:22985
1357002,CHEBI:22985
164511,CHEBI:22985
4858963,CHEBI:22985
232492,CHEBI:22985
5213002,CHEBI:22985
11843085,CHEBI:22985
19798005,CHEBI:22985
4859200,CHEBI:22985
4856200,CHEBI:22985
17297003,CHEBI:22985
4863246,CHEBI:22985
1410002,CHEBI:22985
4868233,CHEBI:22985
227292,CHEBI:22985
163359,CHEBI:22985
159272,CHEBI:22985
11912023,CHEBI:22985
159448,CHEBI:22985
170756,CHEBI:22985
171233,CHEBI:22985
11842036,CHEBI:22985
166890,CHEBI:22985
11923110,CHEBI:22985
11916702,CHEBI:22985
11916785,CHEBI:22985
20398009,CHEBI:22985
11916783,CHEBI:22985
13641007,CHEBI:22985
11845224,CHEBI:22985
227411,CHEBI:22985
13312016,CHEBI:22985
774008,CHEBI:22985
19808004,CHEBI:22985
159925,CHEBI:22985
235288,CHEBI:22985
1414138,CHEBI:22985
226411,CHEBI:22985
11911150,CHEBI:22985
226107,CHEBI:22985
226540,CHEBI:22985
226679,CHEBI:22985
11842283,CHEBI:22985
227107,CHEBI:22985
11844281,CHEBI:22985
171227,CHEBI:22985
773006,CHEBI:22985
8021062,CHEBI:22985
11844149,CHEBI:22985
10051006,CHEBI:22985
10054007,CHEBI:22985
9737006,CHEBI:22985
171766,CHEBI:22985
11920519,CHEBI:22985
11923116,CHEBI:22985
171524,CHEBI:22985
8024062,CHEBI:22985
11914023,CHEBI:22985
11920106,CHEBI:22985
2805001,CHEBI:22985
4862306,CHEBI:23377
4855470,CHEBI:24103
1412018,CHEBI:24103
11842306,CHEBI:24103
4859645,CHEBI:24873
163110,CHEBI:24873
171374,CHEBI:24873
11844082,CHEBI:24873
8790037,CHEBI:24873
163122,CHEBI:24996
163122,CHEBI:24996
4855661,CHEBI:24996
4855661,CHEBI:24996
11845087,CHEBI:24996
11845087,CHEBI:24996
8525004,CHEBI:24996
5367004,CHEBI:24996
5367004,CHEBI:24996
231919,CHEBI:24996
11841085,CHEBI:24996
11841085,CHEBI:24996
239153,CHEBI:24996
8787055,CHEBI:24996
4862705,CHEBI:25108
163095,CHEBI:25108
11844097,CHEBI:25108
8788071,CHEBI:25108
4858908,CHEBI:25806
4860802,CHEBI:25806
4860801,CHEBI:25806
8828003,CHEBI:25806
4861909,CHEBI:25806
8827006,CHEBI:25806
227100,CHEBI:25806
4861457,CHEBI:25806
227148,CHEBI:25806
8837003,CHEBI:25806
160614,CHEBI:25806
228350,CHEBI:25806
159801,CHEBI:25806
6760006,CHEBI:25806
6935003,CHEBI:25806
4862801,CHEBI:25806
6762003,CHEBI:25806
167098,CHEBI:25806
165174,CHEBI:25806
8842006,CHEBI:25806
228148,CHEBI:25806
6756003,CHEBI:25806
226290,CHEBI:25806
160508,CHEBI:25806
228289,CHEBI:25806
4857908,CHEBI:25806
228631,CHEBI:25806
228100,CHEBI:25806
4855909,CHEBI:25806
4860909,CHEBI:25806
9738004,CHEBI:25806
227345,CHEBI:25806
9735006,CHEBI:25806
12128003,CHEBI:25806
19801004,CHEBI:25806
226570,CHEBI:25806
7461003,CHEBI:25806
226294,CHEBI:25806
6803003,CHEBI:25806
11842086,CHEBI:25806
6931005,CHEBI:25806
6937005,CHEBI:25806
228190,CHEBI:25806
171107,CHEBI:25806
160787,CHEBI:25806
167440,CHEBI:25806
7459003,CHEBI:25806
11738008,CHEBI:25806
4858801,CHEBI:25806
6804005,CHEBI:25806
4862893,CHEBI:26082
4862893,CHEBI:26082
4855917,CHEBI:26217
159166,CHEBI:26217
231971,CHEBI:26217
8830006,CHEBI:26217
11845086,CHEBI:26217
159945,CHEBI:26217
11922676,CHEBI:26217
171919,CHEBI:26217
233182,CHEBI:26217
8839004,CHEBI:26217
4857039,CHEBI:26217
4863260,CHEBI:26217
226634,CHEBI:26217
6937004,CHEBI:26217
11842085,CHEBI:26217
226406,CHEBI:26217
19801007,CHEBI:26217
13254004,CHEBI:26217
163932,CHEBI:26217
4868250,CHEBI:26217
17300003,CHEBI:26217
11842208,CHEBI:26217
11810004,CHEBI:26217
4868235,CHEBI:26217
159463,CHEBI:26217
4855900,CHEBI:26217
4869144,CHEBI:26217
11842423,CHEBI:26217
233667,CHEBI:26217
159182,CHEBI:26217
4860917,CHEBI:26217
228124,CHEBI:26217
11842225,CHEBI:26217
13313023,CHEBI:26217
8397003,CHEBI:26217
773007,CHEBI:26217
228047,CHEBI:26217
5024019,CHEBI:26217
11844069,CHEBI:26217
163182,CHEBI:26217
1411139,CHEBI:26217
232528,CHEBI:26217
3234001,CHEBI:26217
1407007,CHEBI:26217
1188002,CHEBI:26217
1410006,CHEBI:26217
11917788,CHEBI:26217
226481,CHEBI:26217
11917787,CHEBI:26217
11841303,CHEBI:26217
11841341,CHEBI:26217
11845341,CHEBI:26217
159537,CHEBI:26217
227686,CHEBI:26217
226686,CHEBI:26217
226851,CHEBI:26217
231810,CHEBI:26217
10052008,CHEBI:26217
10053008,CHEBI:26217
11810007,CHEBI:26217
11912531,CHEBI:26217
228633,CHEBI:26217
11919107,CHEBI:26217
11912506,CHEBI:26217
11923113,CHEBI:26217
171523,CHEBI:26217
19544006,CHEBI:26217
11845050,CHEBI:26217
4858968,CHEBI:2637
4866028,CHEBI:26628
4867119,CHEBI:26712
163041,CHEBI:26712
234918,CHEBI:26712
8829004,CHEBI:26712
11841114,CHEBI:26712
165378,CHEBI:26712
11924674,CHEBI:26712
234187,CHEBI:26712
8841004,CHEBI:26712
4860040,CHEBI:26712
4870275,CHEBI:26712
228648,CHEBI:26712
6931003,CHEBI:26712
11845085,CHEBI:26712
228437,CHEBI:26712
19802008,CHEBI:26712
159462,CHEBI:26712
13251004,CHEBI:26712
4869255,CHEBI:26712
17296003,CHEBI:26712
11843210,CHEBI:26712
4870235,CHEBI:26712
11808005,CHEBI:26712
6113004,CHEBI:26712
233671,CHEBI:26712
170770,CHEBI:26712
4870144,CHEBI:26712
11845423,CHEBI:26712
772007,CHEBI:26712
4866118,CHEBI:26712
226438,CHEBI:26712
11845225,CHEBI:26712
13311023,CHEBI:26712
11918784,CHEBI:26712
228048,CHEBI:26712
772005,CHEBI:26712
11845073,CHEBI:26712
680010,CHEBI:26712
3236001,CHEBI:26712
170520,CHEBI:26712
11918783,CHEBI:26712
1408138,CHEBI:26712
227481,CHEBI:26712
232815,CHEBI:26712
227687,CHEBI:26712
226687,CHEBI:26712
11845303,CHEBI:26712
11843364,CHEBI:26712
11842365,CHEBI:26712
164154,CHEBI:26712
10052007,CHEBI:26712
10053007,CHEBI:26712
11915530,CHEBI:26712
11911519,CHEBI:26712
227648,CHEBI:26712
11914519,CHEBI:26712
11921102,CHEBI:26712
160737,CHEBI:26712
11844050,CHEBI:26712
11914048,CHEBI:26712
11920104,CHEBI:26712
160215,CHEBI:26712
160731,CHEBI:26712
4869294,CHEBI:26948
11845428,CHEBI:26948
4866264,CHEBI:27226
159184,CHEBI:27226
11843214,CHEBI:27226
4869317,CHEBI:27364
163050,CHEBI:27364
4861072,CHEBI:27584
159669,CHEBI:27584
11843018,CHEBI:27584
171854,CHEBI:27584
4855969,CHEBI:28001
170889,CHEBI:28001
4856661,CHEBI:28358
233718,CHEBI:28358
4860662,CHEBI:28358
8816008,CHEBI:28358
8816008,CHEBI:28358
4859661,CHEBI:28358
1407003,CHEBI:28358
233658,CHEBI:28358
4862661,CHEBI:28358
4862660,CHEBI:28358
11917706,CHEBI:28358
1408125,CHEBI:28358
4858661,CHEBI:28358
164907,CHEBI:28358
11915066,CHEBI:28358
11843341,CHEBI:28358
171660,CHEBI:28358
6029003,CHEBI:28358
8788055,CHEBI:28358
4860969,CHEBI:28864
4870243,CHEBI:29026
163065,CHEBI:29026
638005,CHEBI:29026
228467,CHEBI:29026
11841215,CHEBI:29026
11917781,CHEBI:29026
227688,CHEBI:29026
11842111,CHEBI:29026
13902004,CHEBI:29026
4867170,CHEBI:30660
170679,CHEBI:30660
159938,CHEBI:30660
11918667,CHEBI:30660
11841411,CHEBI:30660
9658021,CHEBI:30660
167312,CHEBI:30660
159852,CHEBI:3311
228301,CHEBI:3311
11844035,CHEBI:3311
159573,CHEBI:33298
11841089,CHEBI:33298
4855553,CHEBI:35143
4859711,CHEBI:35143
4856711,CHEBI:35143
159159,CHEBI:35143
159160,CHEBI:35143
170468,CHEBI:35143
227245,CHEBI:35143
4856801,CHEBI:35143
11844075,CHEBI:35143
11845094,CHEBI:35143
11841094,CHEBI:35143
159908,CHEBI:35143
159909,CHEBI:35143
171217,CHEBI:35143
11810011,CHEBI:35143
11916806,CHEBI:35143
11922812,CHEBI:35143
237506,CHEBI:35143
8869004,CHEBI:35143
171902,CHEBI:35143
4858039,CHEBI:35143
885002,CHEBI:35143
886003,CHEBI:35143
879003,CHEBI:35143
4859555,CHEBI:35143
226577,CHEBI:35143
159816,CHEBI:35143
11844084,CHEBI:35143
19797006,CHEBI:35143
228245,CHEBI:35143
4866199,CHEBI:36080
170469,CHEBI:36080
4864242,CHEBI:36080
170481,CHEBI:36080
171254,CHEBI:36080
11841181,CHEBI:36080
11922673,CHEBI:36080
637002,CHEBI:36080
4856589,CHEBI:36080
4865261,CHEBI:36080
227455,CHEBI:36080
11845213,CHEBI:36080
4861408,CHEBI:36080
7065004,CHEBI:36080
171238,CHEBI:36080
163881,CHEBI:36080
11916777,CHEBI:36080
4863132,CHEBI:36080
165606,CHEBI:36080
4869235,CHEBI:36080
229969,CHEBI:36080
233183,CHEBI:36080
4857941,CHEBI:36080
4864259,CHEBI:36080
228636,CHEBI:36080
4863259,CHEBI:36080
4859942,CHEBI:36080
170777,CHEBI:36080
4861941,CHEBI:36080
639005,CHEBI:36080
11916786,CHEBI:36080
231972,CHEBI:36080
170846,CHEBI:36080
234233,CHEBI:36080
11842214,CHEBI:36080
1296001,CHEBI:36080
226407,CHEBI:36080
228389,CHEBI:36080
11912090,CHEBI:36080
170798,CHEBI:36080
164016,CHEBI:36080
11918782,CHEBI:36080
11845137,CHEBI:36080
11843069,CHEBI:36080
638006,CHEBI:36080
11845049,CHEBI:36080
234893,CHEBI:36080
234432,CHEBI:36080
11842250,CHEBI:36080
11911273,CHEBI:36080
227636,CHEBI:36080
228686,CHEBI:36080
166194,CHEBI:36080
11845012,CHEBI:36080
4265013,CHEBI:36080
11915149,CHEBI:36080
159790,CHEBI:36080
234668,CHEBI:36080
5157013,CHEBI:36080
11845150,CHEBI:36080
171784,CHEBI:36080
11913095,CHEBI:36080
11844110,CHEBI:36080
11844217,CHEBI:36080
11921077,CHEBI:36080
1414005,CHEBI:36080
11923096,CHEBI:36080
11921106,CHEBI:36080
637008,CHEBI:36080
171789,CHEBI:36080
229811,CHEBI:36080
11917900,CHEBI:36080
637007,CHEBI:36080
4866202,CHEBI:36080
8020175,CHEBI:36080
13645019,CHEBI:36080
11924474,CHEBI:36080
639006,CHEBI:36080
7516004,CHEBI:36080
4863242,CHEBI:36080
11912092,CHEBI:36080
4868283,CHEBI:39867
159289,CHEBI:39867
11844220,CHEBI:39867
4857661,CHEBI:422
4857661,CHEBI:422
4859363,CHEBI:4551
159286,CHEBI:4551
11841053,CHEBI:4551
4869179,CHEBI:4716
159496,CHEBI:47773
1407005,CHEBI:47773
171982,CHEBI:47773
165975,CHEBI:47773
11841088,CHEBI:47774
164919,CHEBI:47774
159955,CHEBI:47774
1414004,CHEBI:47774
167196,CHEBI:47774
167202,CHEBI:47774
11842344,CHEBI:47774
1189002,CHEBI:47774
4269028,CHEBI:47774
11922251,CHEBI:47774
160143,CHEBI:47774
160144,CHEBI:47774
4862535,CHEBI:47775
159789,CHEBI:47775
165297,CHEBI:47775
11922769,CHEBI:47775
11843075,CHEBI:47775
164034,CHEBI:47775
1408003,CHEBI:47775
4858535,CHEBI:47775
11911073,CHEBI:47775
160674,CHEBI:47775
4514020,CHEBI:47775
13614005,CHEBI:47775
1186002,CHEBI:47775
11917249,CHEBI:47775
11916763,CHEBI:47775
4863237,CHEBI:60579
171105,CHEBI:60579
159949,CHEBI:60579
11841162,CHEBI:60579
170831,CHEBI:60579
1409139,CHEBI:60579
170832,CHEBI:60579
11844423,CHEBI:60579
11911039,CHEBI:60579
226292,CHEBI:60579
160182,CHEBI:60579
228291,CHEBI:60579
11923106,CHEBI:60579
4868171,CHEBI:61049
4859655,CHEBI:6437
4861463,CHEBI:67011
163662,CHEBI:67011
166802,CHEBI:67011
11844065,CHEBI:67011
4858655,CHEBI:73693
20402010,CHEBI:77635
160013,CHEBI:77635
11920064,CHEBI:77635
228292,CHEBI:77635
11841036,CHEBI:77635
4859892,CHEBI:8107
4859892,CHEBI:8107
239364,CHEBI:8107
4856891,CHEBI:8107
164091,CHEBI:8107
164091,CHEBI:8107
4861891,CHEBI:8107
227026,CHEBI:8107
227713,CHEBI:8107
228259,CHEBI:8107
226260,CHEBI:8107
227260,CHEBI:8107
231809,CHEBI:8107
228260,CHEBI:8107
160498,CHEBI:8107
1413047,CHEBI:8107
176021,CHEBI:8107
159516,CHEBI:8107
11842139,CHEBI:8107
11842139,CHEBI:8107
1409067,CHEBI:8107
230182,CHEBI:8107
11922736,CHEBI:8107
11922736,CHEBI:8107
11921853,CHEBI:8107
11921853,CHEBI:8107
11922958,CHEBI:8107
160713,CHEBI:8107
11912084,CHEBI:8107
11917954,CHEBI:8107
11917954,CHEBI:8107
4862006,CHEBI:86319
4870294,FOODON:03413761
170680,FOODON:03413761
11841222,FOODON:03413761